{"wikitext": 2.2793965339660645, "ptb_text_only": 5.88781213760376, "c4": 2.764885425567627}